,Placa,Modelo,Marca,AnoFabr.,Combustível,Chassi,Cor,Potência,Cilindro,Aquisição,Conservação,Situação,Combustivel,Renavam,Tipo,Motor,Caixa,Local,Loc.Manutenção,Km Atual,Data Compra,Data Venda,Nota de compra,Valor de compra,Nota de venda,Valor de venda,Nº Apólice
1,GMF1396,CAMINHAO TANQUE,VOLKSWAGEN,1995,Diesel,9BWXTACM3SDB90133,BRANCA,134,6,COMPRA,Regular,Ativa,Diesel,650997018,CAR/CAMINHAO TANQUE,,,,,35329,12/11/1995,,0,"79785,2",0,0,
2,GMF1564,PARATI CLI,VOLKSWAGEN,1996,Gasolina,9BWZZZ379TT163437,BRANCA,081 CV-1.6,4,DOACAO TERMO 02/2012,Anti-econômico,Ativa,Gasolina,660911655,PAS/AUTOMOVEL,,,,,233615,11/09/2012,,0,18290,0,0,
3,GMF1641,GOL 1.6 MI,VOLKSWAGEN,1997,Gasolina,9BWZZZ377VP501275,BRANCA,1.6 081 CV,4,DOACAO TERMO 2013000045,Anti-econômico,Ativa,Gasolina,669493210,PAS/AUTOMOVEL,,,,,57315,17/10/2013,,0,"13729,5",0,0,
4,GMF1750,VAN SPRINTER,MERCEDES BENZ,1997,Diesel,8AC690341VA501494,BRANCA,95 CV,4,COMPRA,Anti-econômico,Ativa,Diesel,677009291,PAS/MICROONIBUS,,,,,359394,04/11/1997,,0,"36162,88",0,0,
5,GMF1756,VAN SPRINTER,MERCEDES BENZ,1997,Diesel,8AC690341VA503492,BRANCA,95 CV,4,COMPRA,Regular,Ativa,Diesel,677210230,PAS/MICROONIBUS,,,,,365290,30/05/1997,,0,"36451,1",0,0,
6,GMF2408,CAMINHAO 608 D,MERCEDES BENZ,1986,Diesel,9BM308325GB711137,BRANCA,85 CV,4,COMPRA,Regular,Ativa,Diesel,243122977,CAR/CAMINHAO/C.ABERTA,608D,,,,183347,29/04/1986,,0,"178907,6",0,0,OF7827
7,GMF2414,CAMINHAO  L1314,MERCEDES BENZ,1988,Diesel,9BM345002JB818756,BRANCA,126 CV,6,COMPRA,Regular,Ativa,Diesel,246584947,CAR/CAMINHAO/BASCULANTE,L1314,,,,108568,26/08/1988,,0,"12023966,66",0,0,OF8554
8,GMF2445,ONIBUS 1314,MERCEDES BENZ,1987,Diesel,9BM345050HB757595,BRANCA,130 CV,6,COMPRA,Anti-econômico,Ativa,Diesel,245778446,PAS/ONIBUS,1314,,,,32885,20/08/1987,,0,"1324318,38",0,0,OF7974
9,GMF2581,KOMBI PICK-UP,VOLKSWAGEN,1986,Alcool,9BWZZZ26ZGP014208,BRANCA,60 CV,4,COMPRA,Anti-econômico,Ativa,Alcool,243102364,CAR/CAMION./C.ABERTA,"1,6","1,6",,,79715,29/04/1986,,0,"64808,3",0,0,OF7826
10,GMF2673,MICRO-ONIBUS 708,MERCEDES BENZ,1987,Diesel,9BM308304HB752254,BRANCA,85 CV,4,COMPRA,Anti-econômico,Ativa,Diesel,246330961,CAR/ONIBUS BIBLIOTECA,708,,,,50841,06/11/1987,,0,"604608,18",0,0,OF8436
11,GMF2794,CAMINHAO 608,MERCEDES BENZ,1985,Diesel,30830212661944,BRANCA,85 CV,4,DOACAO,Regular,Ativa,Diesel,239898060,CAR/CAMINHAO/C.ABERTA,608D,,,,255465,27/11/1984,,0,37018287,0,0,OF5916
12,GMF2862,CAMINHAO  L1113,MERCEDES BENZ,1985,Diesel,34404412687488,AMARELA,130 CV,6,COMPRA,Regular,Ativa,Diesel,241999294,CAR/CAMINHAO/C.ABERTA,1113,,,,142050,09/09/1985,,0,119980655,0,0,OF7589
13,GMF3059,STRADA WORKING,FIAT,1999,Gasolina,9BD278072Y2718588,PRETA,76 CV,4,DOACAO,Regular,Ativa,Gasolina,729991733,CAR/CAMION./C.ABERTA,"1,6",,,,272552,09/10/1999,,0,"15135,73",0,0,
14,GMF3118,M. POLO VIAGGIO GV 850,MERCEDES BENZ,2000,Diesel,9BM384073YB215785,AZUL BRANCA AMARELA,211 CV,6,COMPRA,Bom,Ativa,Diesel,734415494,PAS/ONIBUS,,,,,59938,30/03/2000,,0,98850,0,0,
15,GMF3242,PICK-UP COURIER 1.6 L,FORD,2000,Gasolina,9BFNSZPPA1B913049,BRANCA,95 CV,4,COMPRA,Bom,Ativa,Gasolina,749931426,CAR/CAMION./C.ABERTA,"1,6","1,6",,,66961,12/08/2000,,0,"16474,93",0,0,
16,GMF3245,PICK-UP S10 2.2 S,CHEVROLET,2000,Gasolina,9BG124ASOYC440357,BRANCA,113 CV,4,COMPRA,Bom,Ativa,Gasolina,749674199,CAR/CAMION./C.ABERTA,"2,2",,,,187303,15/12/2000,,0,24699,0,0,
17,GMF3249,KOMBI - STANDARD,VOLKSWAGEN,2000,Gasolina,9BWGB07X51P008332,BRANCA,61 CV,4,COMPRA,Bom,Ativa,Gasolina,749932023,MIS/CAMION./C.FECHADA,"1,6","1,6",,,81075,18/12/2000,,0,"19880,89",0,0,
18,GMF3252,KOMBI - STANDARD,VOLKSWAGEN,2001,Gasolina,9BWGB07X11P008263,BRANCA,61 CV,4,COMPRA,Bom,Ativa,Gasolina,749932872,MIS/CAMION./C.FECHADA,"1,6","1,6",,,193323,14/12/2000,16/02/2017,0,"19880,89",0,0,
19,GMF3253,VAN SPRINTER,MERCEDES BENZ,2000,Diesel,8AC6903411A545194,BRANCA,115 CV,4,COMPRA,Bom,Ativa,Diesel,749932805,PAS/MICROONIBUS,,,,,336409,29/11/2000,,0,57970,0,0,
20,GMF3254,PICK-UP S10 2.2 S,CHEVROLET,2000,Gasolina,9BG124AS0YC440416,BRANCA,113 CV,4,COMPRA,Bom,Ativa,Gasolina,749933283,CAR/CAMION./C.ABERTA,"2,2",,,,151157,15/12/2000,,0,24699,0,0,
21,GMF3256,CAMINHAO 710,MERCEDES BENZ,2000,Diesel,9BM688156YB252803,BRANCA,109,4,COMPRA,Bom,Ativa,Diesel,749932546,CAR/CAMINHAO/C.ABERTA,710,,,,109535,28/11/2000,,274174,41922,0,0,
22,GMF3257,PICK-UP S10 2.2 S,CHEVROLET,2000,Gasolina,9BG124ASOYC439993,BRANCA,113 CV,4,COMPRA,Anti-econômico,Ativa,Gasolina,749933704,CAR/CAMION./C.ABERTA,"2,2",,,,118168,15/12/2000,,0,24699,0,0,
23,GMF3259,PICK-UP GM/S10 2.8 S,CHEVROLET,2001,Diesel,9BG124AC01C404825,BRANCA,132 CV,4,COMPRA,Bom,Ativa,Diesel,749934255,CAR/CAMION./C.ABERTA,"2,8",,,,285945,15/12/2000,,0,35795,0,0,
24,GMF3260,GM/CORSA WIND,CHEVROLET,2000,Gasolina,9BGSC68N01C166156,BRANCA,92 CV,4,COMPRA,Anti-econômico,Ativa,Gasolina,749943904,PAS/AUTOMOVEL,"1,6","1,6",,,78656,15/12/2000,,0,19563,0,0,
25,GMF3262,GM/CORSA WIND,CHEVROLET,2000,Gasolina,9BGSC68N01C166607,BRANCA,92 CV,4,COMPRA,Bom,Ativa,Gasolina,749965177,PAS/AUTOMOVEL,"1,6","1,6",,,140234,15/12/2000,,0,19563,0,0,
26,GMF3273,PICK-UP S10 2.2 S,CHEVROLET,2000,Gasolina,9BG124ASOYC440510,BRANCA,113 CV,4,COMPRA,Anti-econômico,Ativa,Gasolina,749975911,CAR/CAMION./C.ABERTA,"2,2",,,,139103,15/12/2000,,0,24699,0,0,
27,GMF3276,GM/CORSA WIND,CHEVROLET,2000,Gasolina,9BGSC68N01C166619,BRANCA,92 CV,4,COMPRA,Anti-econômico,Ativa,Gasolina,749977515,PAS/AUTOMOVEL,"1,6","1,6",,,297860,15/12/2000,16/02/2017,0,19563,0,0,
28,GMF3299,MICRO ONIBUS 8-140,VOLKSWAGEN,2000,Diesel,9BWV2RF66YRY14392,BRANCA,135 CV,4,COMPRA,Anti-econômico,Ativa,Diesel,751123897,PAS/ONIBUS,,,,,240367,16/01/2001,,0,"73756,18",0,0,
29,GMF3302,RODOVIARIO VW,VOLKSWAGEN,2000,Diesel,9BWY2TJBX1RY14514,BRANCA,206 CV,6,COMPRA,Bom,Ativa,Diesel,751047970,PAS/ONIBUS,"3,25",,,,332773,01/11/2001,,0,"109227,79",0,0,
30,GMF3303,MICRO ONIBUS 8-140,VOLKSWAGEN,2000,Diesel,9BWV2RF67YRY13848,BRANCA,135 CV,4,COMPRA,Bom,Ativa,Diesel,751052795,PAS/ONIBUS,,,,,311085,01/11/2001,,0,"73756,18",0,0,
31,GMF3314,KOMBI - STANDARD,VOLKSWAGEN,2001,Gasolina,9BWGB07X11P008215,BRANCA,61 CV,4,COMPRA,Anti-econômico,Ativa,Gasolina,752542907,MIS/CAMION./C.FECHADA,"1,6","1,6",,,158057,18/01/2001,,0,"19880,89",0,0,
32,GMF3523,REBOQUE,REBOQUE,1986,Outros,MBLS0002271REM,CINZA,,,DOACAO,Regular,Ativa,Outros,244994633,CAR/REBOQUE/C.ABERTA,,,,,0,20/09/1986,,0,400,0,0,
33,GMF3526,HILUX 4 CDL SR,TOYOTA,2001,Diesel,8AJ33LNL529400599,BRANCA,89 CV,3,COMPRA,Anti-econômico,Ativa,Diesel,769185649,MIS/CAMINHONETE/CABINE DUPLA,,,,,376722,10/11/2001,,0,55176,0,0,
34,GMF3554,GM/S10 2.8 D CABINE DUPLA,CHEVROLET,2001,Diesel,9BG138DC01C439840,PRATA,132CV,4,DOACAO PROC.25381000273/2011-17,Ótimo,Ativa,Diesel,770846815,MIS/CAMINHONETE/CABINE DUPLA,,,,,301415,24/01/2012,,0,62063,0,0,
35,GMF4073,ASTRA,CHEVROLET,2002,Gasolina,9BGTT69B02B208307,PRETA,116 CV,4,DOACAO TERMO 010/2015,Anti-econômico,Ativa,Gasolina,787964425,PAS/AUTOMOVEL,,,,,115460,05/04/2016,,0,"14990,9",0,0,
36,GMF4307,PALIO WK ADVENTURE,FIAT,2003,Gasolina,9BD17309934090063,BRANCA,103 CV,4,COMPRA,Bom,Ativa,Gasolina,804727821,PAS/AUTOMOVEL,"1,8","1,8",,,379240,05/12/2003,,717828,"34279,99",0,0,
37,GMF4316,REBOQUE,REBOQUE,2003,Outros,9A9CG05113BDJ4063,VERDE,,,DOACAO-CONTRATO-03010-D,Bom,Ativa,Outros,806694602,CAR/REBOQUE/C.ABERTA,,,,,0,30/06/2003,,0,1150,0,0,
38,GMF4322,REBOQUE,REBOQUE,1983,Outros,UFMG3611183REM,,,,COMPRA,Regular,Ativa,Outros,239907477,CAR/REBOQUE/C.ABERTA,,,,,0,08/05/2003,08/05/2003,0,"0,01",0,0,OF4817
39,GMF4334,CORSA CLASSIC,G. MOTORS,2003,Gasolina,9BGSB19N04B106586,BRANCA,,4,COMPRA,Anti-econômico,Ativa,Gasolina,812882334,PAS/AUTOMOVEL,"1,6","1,6",,,144550,15/09/2003,,11891,18775,0,0,
40,GMF4336,CAMINHAO DAILY 6012 CC1,IVECO,2003,Diesel,93ZC5980138310840,BRANCA,122CV,4,COMPRA,Bom,Ativa,Diesel,813163773,CAR/CAMINHAO/C.ABERTA,"2,8","2,8",,,63083,17/09/2003,,8106,54740,0,0,
41,GMF4338,PALIO WK ADVENTURE,FIAT,2003,Gasolina,9BD17309944093531,BRANCA,103CV,4,COMPRA,Bom,Ativa,Gasolina,813341124,PAS/AUTOMOVEL,"1,8","1,8",,,255556,25/09/2003,,861493,"34681,69",0,0,
42,GMF4372,PARATI 1.8 PLUS,VOLKSWAGEN,2004,Gasolina,9BWDC05X24T082726,BRANCA,100 CV,4,COMPRA,Bom,Ativa,Gasolina,820901768,PAS/AUTOMOVEL,"1,8","1,8",,,119225,22/01/2004,,23472,"33976,78",0,0,
43,GMF4373,ALLEGRO R 17.2100D,VOLKSWAGEN,2003,Diesel,9BWRF82W14R408486,BRANCA,206 CV,6,COMPRA,Bom,Ativa,Diesel,820904325,PAS/ONIBUS,,,,,278827,30/01/2004,,19817374,171000,0,0,
44,GMF4562,KOMBI - STANDARD,VOLKSWAGEN,2005,Gasolina,9BWGB07X35P007203,BRANCA,061 CV,4,COMPRA,Ótimo,Ativa,Gasolina,848744152,PAS/AUTOMOVEL,"1,6",,,,129946,03/08/2005,,205640,34000,0,0,
45,GMF4564,DOBLO ADVENTURE,FIAT,2005,Gasolina,9BD11985451024399,BRANCA,103 CV,4,COMPRA,Ótimo,Ativa,Gasolina,848761960,PAS/AUTOMOVEL,,,,,151128,03/08/2005,,475208,"47999,99",0,0,
46,GMF4738,PALIO WEEKEND ADVENTURE,FIAT,2005,Flex,9BD17309C64165670,BRANCA,110 CV,4,DOACAO  TERMO 2013000045,Bom,Ativa,Flex,873639790,PAS/AUTOMOVEL,,,,,136815,17/10/2013,,0,47332,0,0,
47,GMF4764,ONIBUS 15180 EOD NEOBUS,VOLKSWAGEN,2005,Diesel,9BWR682WX5R530359,BRANCA,180 CV,4,COMPRA,Ótimo,Ativa,Diesel,875463118,PAS/ONIBUS,,,,,42308,02/06/2006,,2291,283000,0,0,
48,GMF4884,ASTRA SEDAN ELEGANCE,CHEVROLET,2006,Gasolina,9BGTU69WO7B115669,PRETA,128 CV,4,COMPRA,Ótimo,Ativa,Gasolina,887549683,PAS/AUTOMOVEL,2,,,,174771,28/06/2006,,448688,55500,0,0,
49,GMF4885,ASTRA SEDAN ELEGANCE,CHEVROLET,2006,Gasolina,9BGTU69W07B111372,PRETA,125 CV,4,COMPRA,Ótimo,Ativa,Gasolina,887550347,PAS/AUTOMOVEL,2,,,,154093,28/06/2006,,446349,55500,0,0,
50,GMF5090,KOMBI - STANDARD,VOLKSWAGEN,2006,Flex,9BWGF07X67P006974,BRANCA,085CV,4,COMPRA,Ótimo,Ativa,Flex,909037930,MIS/CAMION./C.FECHADA,"1,4",,,,77303,02/07/2007,,123628,37975,0,0,
51,GMF5091,KOMBI - STANDARD,VOLKSWAGEN,2006,Flex,9BWGF07X57P007064,BRANCA,085CV,4,COMPRA,Ótimo,Ativa,Flex,909043400,MIS/CAMION./C.FECHADA,"1,4",,,,125022,01/10/2007,,124019,37975,0,0,
52,GMF5092,KOMBI - STANDARD,VOLKSWAGEN,2006,Flex,9BWGF07X07P007585,BRANCA,085CV,4,COMPRA,Ótimo,Ativa,Flex,909044295,MIS/CAMION./C.FECHADA,"1,4",,,,95488,15/01/2007,,124200,37975,0,0,
53,GMF5093,KOMBI - STANDARD,VOLKSWAGEN,2006,Gasolina,9BWGF07X37P007046,BRANCA,085CV,4,COMPRA,Anti-econômico,Ativa,Gasolina,909045348,MIS/CAMION./C.FECHADA,"1,4",,,,102058,02/07/2007,,123626,37975,0,0,
54,GMF5094,KOMBI - STANDARD,VOLKSWAGEN,2006,Flex,9BWGF07X37P007032,BRANCA,085CV,4,COMPRA,Ótimo,Ativa,Flex,909047642,MIS/CAMION./C.FECHADA,"1,4",,,,180580,01/10/2007,,124021,37975,0,0,
55,GMF5101,ATHENAS,AGRALE,2006,Diesel,9BYC32Y1U7C000560,BRANCA,150CV,4,COMPRA,Ótimo,Ativa,Diesel,909349460,PAS/ONIBUS,,6,,,148377,17/01/2007,,1481,144300,0,0,
56,GMF5163,UNO MILLE FIRE,FIAT,2007,Flex,9BD15822774948324,BRANCA,66 CV,4,COMPRA,Ótimo,Ativa,Flex,915792508,PAS/AUTOMOVEL,,,,,149020,04/02/2007,,701707,23900,0,0,
57,GMF5164,UNO MILLE FIRE,FIAT,2007,Flex,9BD15822774947782,BRANCA,66CV,4,COMPRA,Ótimo,Ativa,Flex,915792427,PAS/AUTOMOVEL,1,,,,120344,20/03/2007,,675059,23900,0,0,
58,GMF5165,UNO MILLE FIRE,FIAT,2007,Flex,9BD15822774948253,BRANCA,66CV,4,COMPRA,Ótimo,Ativa,Flex,915794152,PAS/AUTOMOVEL,1,,,,105425,20/03/2007,,675060,23900,0,0,
59,GMF5166,UNO MILLE FIRE,FIAT,2007,Flex,9BD15822774948501,BRANCA,66CV,4,COMPRA,Ótimo,Ativa,Flex,915794772,PAS/AUTOMOVEL,1,,,,134336,20/03/2007,,675065,23900,0,0,
60,GMF5167,UNO MILLE FIRE,FIAT,2007,Flex,9BD15822774947763,BRANCA,66CV,4,COMPRA,Ótimo,Ativa,Flex,915796031,PAS/AUTOMOVEL,1,,,,87475,20/03/2007,,675058,23900,0,0,
61,GMF5168,UNO MILLE FIRE,FIAT,2007,Flex,9BD15822774948450,BRANCA,66CV,4,COMPRA,Ótimo,Ativa,Flex,915796473,PAS/AUTOMOVEL,1,,,,191931,20/03/2007,,675063,23900,0,0,
62,GMF5169,UNO MILLE FIRE,FIAT,2007,Flex,9BD15822774948345,BRANCA,66CV,4,COMPRA,Ótimo,Ativa,Flex,915797291,PAS/AUTOMOVEL,1,,,,187649,20/03/2007,,675061,23900,0,0,
63,GMF5170,UNO MILLE FIRE,FIAT,2007,,9BD15822774948458,BRANCA,66CV,4,COMPRA,Anti-econômico,Ativa,,915797810,PAS/AUTOMOVEL,1,,,,115285,20/03/2007,,675064,23900,0,0,
64,GMF5171,VAN FURGAO,IVECO,2006,Diesel,93ZC3890168324099,BRANCA,125CV,4,COMPRA,Ótimo,Ativa,Diesel,915798883,CAR/CAMION./FURGAO,2215,,,,147686,29/03/2007,,29361,96000,0,0,
65,GMF5172,UNO MILLE FIRE,FIAT,2007,Gasolina,9BD15822774948560,BRANCA,66CV,4,COMPRA,Ótimo,Ativa,Gasolina,915799170,PAS/AUTOMOVEL,1,,,,81806,20/03/2007,,675066,23900,0,0,
66,GMF5173,UNO MILLE FIRE,FIAT,2007,,9BD15822774948429,BRANCA,66CV,4,COMPRA,Ótimo,Ativa,,915800683,PAS/AUTOMOVEL,,,,,78720,20/03/2007,,675062,23900,0,0,
67,GMF5175,PARATI 1.6,VOLKSWAGEN,2007,Flex,9BWDB05W57T099177,BRANCA,107CV,4,COMPRA,Ótimo,Ativa,Flex,915802619,PAS/AUTOMOVEL,,,,,327986,23/02/2007,,125658,37552,0,0,
68,GMF5181,PARATI 1.6,VOLKSWAGEN,2007,Flex,9BWDB05W17T137620,BRANCA,107CV,4,COMPRA,Ótimo,Ativa,Flex,916595463,PAS/AUTOMOVEL,"1,6",,,,100081,13/04/2007,,127108,37552,0,0,
69,GMF5189,FRONTIER 4X4 XE,NISSAN,2006,Diesel,94DCEUD226J725331,BRANCA,104CV,4,DOACAO CONTRATO Nº 114/2007,Ótimo,Ativa,Diesel,919352901,MIS/CAMION./CAB. DUPLA,"2,8",,,,235671,05/02/2007,,0,80878,0,0,
70,GMF5223,PARATI 1.6 PLUS,VOLKSWAGEN,2007,Gasolina,9BWDB05W88T011899,BRANCA,107CV,4,COMPRA,Anti-econômico,Ativa,Gasolina,923345809,PAS/AUTOMOVEL,"1,6",,,,185955,29/05/2007,,0,37552,0,0,
71,GMF5293,VAN DUCATO MINIBUS,FIAT,2007,Diesel,93W244M2382019405,BRANCA,,,DOAÇÃO TRT,Ótimo,Ativa,Diesel,937593699,PAS/MICROONIBUS,,,,,103762,11/12/2021,,,47850,0,0,
72,GMF5416,KOMBI - STANDARD,VOLKSWAGEN,2008,Outros,9BWGF07X18P018452,BRANCA,80HP-MOTOR1.4,4,COMPRA,Ótimo,Ativa,Outros,955564719,MIS/CAMION./C.FECHADA,BTJ047160NBM,4,,,114920,21/02/2008,,352817,41400,0,0,
73,GMF5417,KOMBI - STANDARD,VOLKSWAGEN,2008,Flex,9BWGFO7X18P018578,BRANCA,80HP-MOTOR1.4,4,COMPRA,Ótimo,Ativa,Flex,955570441,MIS/CAMION./C.FECHADA,BTJ047408NBM,4,,,88122,21/02/2008,,352813,41400,0,0,
74,GMF5418,KOMBI - STANDARD,VOLKSWAGEN,2008,Flex,9BWGF07X98P019316,BRANCA,80HP-MOTOR1.4,4,COMPRA,Ótimo,Ativa,Flex,955572274,MIS/CAMION./C.FECHADA,BTJ 047957 NBM,4,,,153255,21/02/2008,,353550,41400,0,0,
75,GMF5419,KOMBI - STANDARD,VOLKSWAGEN,2008,Flex,9BWGF07X08P019317,BRANCA,80HP-MOTOR1.4,4,COMPRA,Ótimo,Ativa,Flex,955575168,MIS/CAMION./C.FECHADA,BTJ 047956 NBM,4,,,47953,21/02/2008,,353551,41400,0,0,
76,GMF5420,KOMBI - STANDARD,VOLKSWAGEN,2008,Flex,9BWGFO7X38PO19358,BRANCA,80HP-MOTOR1.4,4,COMPRA,Ótimo,Ativa,Flex,955582300,MIS/CAMION./C.FECHADA,BTJ 047909 NBM,4,,,211898,21/02/2008,,353552,41400,0,0,
77,GMF5421,KOMBI - STANDARD,VOLKSWAGEN,2008,Flex,9BWGF07X58P019295,BRANCA,80HP-MOTOR1.4,4,COMPRA,Ótimo,Ativa,Flex,955588944,MIS/CAMION./C.FECHADA,BTJ048089NBM,4,,,75601,21/02/2008,,353548,41400,0,0,
78,GMF5422,CAMINHAO 8500,AGRALE,2008,Diesel,9BYC2762R8C001675,BRANCA,115CV-MOTOR4.10 TCA,4,COMPRA,Ótimo,Ativa,Diesel,955594987,CAR/CAMINHAO/C.ABERTA,E1T145102,5,,,83710,21/02/2008,,352022,106000,0,0,
79,GMF5423,PALIO ELX FLEX,FIAT,2008,Flex,9BD17140A85178052,BRANCA,80HP-MOTOR1.4,4,COMPRA,Ótimo,Ativa,Flex,955595568,PAS/AUTOMOVEL,178F3011*8026626*,5,,,88821,21/02/2008,,379649,29175,0,0,
80,GMF5424,PALIO ELX FLEX,FIAT,2008,Flex,9BD17140A85178018,BRANCA,80HP-MOTOR1.4,4,COMPRA,Ótimo,Ativa,Flex,955596165,PAS/AUTOMOVEL,178F3011*80227364*,5,,,186634,21/02/2008,,379648,29175,0,0,
81,GMF5425,PALIO ELX FLEX,FIAT,2008,Gasolina,9BD17140A85177889,BRANCA,80HP-MOTOR1.4,4,COMPRA,Ótimo,Ativa,Gasolina,955597897,PAS/AUTOMOVEL,178F3011*8027010*,5,,,36698,21/02/2008,,379647,29175,0,0,
82,GMF5426,PALIO ELX FLEX,FIAT,2008,Flex,9BD17140A85178059,BRANCA,80HP-MOTOR1.4,4,COMPRA,Ótimo,Ativa,Flex,955598923,PAS/AUTOMOVEL,178F3011*8027353*,5,,,167375,21/02/2008,,379651,29175,0,0,
83,GMF5427,PALIO ELX FLEX,FIAT,2008,Flex,9BD17140A85178053,BRANCA,80HP-MOTOR1.4,4,COMPRA,Ótimo,Ativa,Flex,955599806,PAS/AUTOMOVEL,178F3011*8027360*,5,,,38959,21/02/2008,,379650,29175,0,0,
84,GMF5428,PALIO ELX FLEX,FIAT,2008,Outros,9BD17140A85178064,BRANCA,80HP-MOTOR1.4,4,COMPRA,Ótimo,Ativa,Outros,955600421,PAS/AUTOMOVEL,17F3011*8027008*,5,,,136689,21/02/2008,,379652,29175,0,0,
85,GMF5702,KOMBI - STANDARD,VOLKSWAGEN,2008,Flex,9BWMF07X89P016959,BRANCA,80CV,,COMPRA,Ótimo,Ativa,Flex,116072245,MIS/CAMION./C.FECHADA,,,,,113840,12/09/2008,,404128,41400,0,0,
86,GMF5703,KOMBI - STANDARD,VOLKSWAGEN,2008,Flex,9BWMF07X99P017067,BRANCA,80CV,,COMPRA,Ótimo,Ativa,Flex,116072458,MIS/CAMION./C.FECHADA,,,,,58758,12/09/2008,,404129,41400,0,0,
87,GMF5704,KOMBI - STANDARD,VOLKSWAGEN,2008,Flex,9BWMF07X89P017013,BRANCA,80 CV,,COMPRA,Ótimo,Ativa,Flex,116072628,MIS/CAMION./C.FECHADA,,,,,133369,12/09/2008,,404130,41400,0,0,
88,GMF5705,PARATI 1.6 PLUS,VOLKSWAGEN,2008,Flex,9BWGB05W29T088766,BRANCA,103 CV,,COMPRA,Ótimo,Ativa,Flex,116072857,PAS/AUTOMOVEL,,,,,266622,12/09/2008,,404127,35350,0,0,
89,GMF5754,FIESTA 1.6,FORD,2009,Gasolina,9BFZF55P898375101,BRANCA,107CV,4,COMPRA,Ótimo,Ativa,Gasolina,126226199,PAS/AUTOMOVEL,QF9A98375101,,,,124848,02/09/2009,,9672,"31621,66",0,0,
90,GMF5755,FIESTA 1.6,FORD,2009,Gasolina,9BFZF55P198375103,BRANCA,107CV,4,COMPRA,Ótimo,Ativa,Gasolina,126229953,PAS/AUTOMOVEL,QF9A98375103,,,,243052,02/09/2009,,9668,"31621,66",0,0,
91,GMF5756,FIESTA 1.6,FORD,2009,Gasolina,9BFZF55P398375104,BRANCA,107CV,4,COMPRA,Ótimo,Ativa,Gasolina,126233764,PAS/AUTOMOVEL,QF9A98375104,,,,67468,02/09/2009,,9669,"31621,66",0,0,
92,GMF5757,FIESTA 1.6,FORD,2009,Gasolina,9BFZF55P598375105,BRANCA,107CV,4,COMPRA,Ótimo,Ativa,Gasolina,126236828,PAS/AUTOMOVEL,9BFZF55P598375105,,,,128087,03/05/2009,,9670,"31621,66",0,0,
93,GMF5758,FIESTA 1.6,FORD,2009,Gasolina,9BFZF55P798375106,BRANCA,107CV,4,COMPRA,Ótimo,Ativa,Gasolina,126250480,PAS/AUTOMOVEL,QF9A98375106,,,,122055,02/09/2009,,9671,"31621,66",0,0,
94,GMF5759,FIESTA 1.6,FORD,2009,Gasolina,9BFZF55P998375107,BRANCA,107CV,4,COMPRA,Ótimo,Ativa,Gasolina,126253110,PAS/AUTOMOVEL,QF9A98375107,,,,96363,02/09/2009,,9673,"31621,66",0,0,
95,GMF5815,SIENA ELX FLEX,FIAT,2009,Gasolina,9BD17201M93488219,BRANCA,,,DOACAO CONTRATO-196/2009,Ótimo,Ativa,Gasolina,134214030,PAS/AUTOMOVEL,,,,,190029,04/07/2009,,0,35245,0,0,
96,GMF5930,LOGAN EXP 1.0 16 V,RENAULT,2009,Gasolina,93YLSR7GH9J235879,BRANCA,1.0   076 CV,4,DOACAO TERMO 2013000044,Ótimo,Ativa,Gasolina,142773050,PAS/AUTOMOVEL,,,,,112313,27/09/2013,,0,"31262,13",0,0,
97,GMF5985,COMIL VERSATILE,AGRALE,2009,Diesel,9BYC51A1A9C000696,BRANCA,,4,COMPRA,Ótimo,Ativa,Diesel,149366523,PAS/ONIBUS,,,,,167847,25/06/2009,,223414,"234599,99",0,0,
98,GMF5986,COMIL VERSATILE,AGRALE,2009,Diesel,9BYC51A1A9C000695,BRANCA,,4,COMPRA,Ótimo,Ativa,Diesel,148162843,PAS/ONIBUS,,,,,164580,25/06/2009,,223556,"234599,99",0,0,
99,GMF6355,KOMBI - STANDARD,VOLKSWAGEN,2010,Flex,9BWMF07X6BP003472,BRANCA,1.4 80 CV,4,COMPRA,Ótimo,Ativa,Flex,214991911,MIS/CAMION./C.FECHADA,,,,,73175,14/06/2010,,570784,44260,0,0,
100,GMF6384,ONIBUS MAXIBUS MC 085,AGRALE,2010,Diesel,9BYC22Y1SAC005037,BRANCA,150 CV,4,COMPRA,Ótimo,Ativa,Diesel,230654550,PAS/ONIBUS,,,,,73485,08/06/2010,,178,178900,0,0,
101,GMF6458,SENTRA 2.0 FLEX,NISSAN,2010,Gasolina,3N1AB6AD8BL600793,PRETA,143CV,4,COMPRA,Ótimo,Ativa,Gasolina,255719132,PAS/AUTOMOVEL,,,,,137229,28/10/2010,,55804,47450,0,0,
102,GMF6459,SENTRA 2.0 FLEX,NISSAN,2010,Gasolina,3N1AB6AD1BL600523,PRETA,143 CV,4,COMPRA,Ótimo,Ativa,Gasolina,255731370,PAS/AUTOMOVEL,,,,,155454,28/10/2010,,55803,47450,0,0,
103,GMF6462,ÔNIBUS MARCOPOLO/ VOLARE W8 ON,MARCOPOLO,2010,Diesel,93PB12E3PBC035039,BRANCA,150CV,4,COMPRA,Ótimo,Ativa,Diesel,256004145,PAS/MICROONIBUS,,,,,79173,29/10/2010,,37694,139600,0,0,
104,GMF6494,RANGER XL,FORD,2010,Diesel,8AFER13P4BJ348528,BRANCA,163CV,4,COMPRA,Ótimo,Ativa,Diesel,268089000,CAR/CAMION./C.ABERTA,D56302431,,,,140649,12/06/2010,,106485,84900,0,0,
105,GMF6524,VAN DUCATO MINIBUS,FIAT,2010,Diesel,93W244M24B2067595,BRANCA,127 CV,4,COMPRA,Ótimo,Ativa,Diesel,273410857,PAS/MICROONIBUS,,,,,101900,01/03/2011,,853012,92000,0,0,
106,GMF6525,DOBLO HLX,FIAT,2010,Gasolina,9BD119209B1076255,BRANCA,132 CV,4,COMPRA,Ótimo,Ativa,Gasolina,273611755,PAS/AUTOMOVEL,,,,,93314,01/03/2011,,877795,61736,0,0,
107,GMF6526,PALIO WK ATTRAC,FIAT,2010,Gasolina,9BD17307MB4341858,BRANCA,086 CV,4,DOACAO TERMO 3535/2010,Ótimo,Ativa,Gasolina,273395050,PAS/AUTOMOVEL,,,,,156436,01/03/2011,,0,42780,0,0,
108,GMF6535,UNO MILLE ECONOMY,FIAT,2010,Flex,9BD15822AB6547454,BRANCA,066CV,4,COMPRA,Ótimo,Ativa,Flex,274939185,PAS/AUTOMOVEL,,,,,110078,01/07/2011,,899992,26730,0,0,
109,GMF6538,VAN SPRINTER,MERCEDES BENZ,2010,Diesel,8AC904663BE039500,BRANCA,129 CV,4,COMPRA,Ótimo,Ativa,Diesel,276270754,PAS/MICROONIBUS,,,,,151446,01/10/2011,,79,143000,0,0,
110,GMF6543,KOMBI - STANDARD,VOLKSWAGEN,2010,Flex,9BWMF07X5BP018089,BRANCA,80 CV,4,COMPRA,Ótimo,Ativa,Flex,279334834,MIS/CAMION./C.FECHADA,,,,,34033,13/01/2011,,751111,44260,0,0,
111,GMF6544,KOMBI - STANDARD,VOLKSWAGEN,2010,Flex,9BWMF07X0BP017612,BRANCA,80 CV,4,COMPRA,Ótimo,Ativa,Flex,279337418,MIS/CAMION./C.FECHADA,,,,,101431,13/01/2011,,750383,44260,0,0,
112,GMF6545,KOMBI - STANDARD,VOLKSWAGEN,2010,Gasolina,9BWMF07X3BP017989,BRANCA,580 CV,4,COMPRA,Ótimo,Ativa,Gasolina,279341920,MIS/CAMION./C.FECHADA,,,,,39415,13/01/2011,,750383,44260,0,0,
113,GMF6583,FIESTA 1.6,FORD,2011,Gasolina,9BFZF55P7B8164638,BRANCA,"1,6",4,COMPRA,Ótimo,Ativa,Gasolina,284209988,PAS/AUTOMOVEL,,,,,121440,16/02/2011,,117316,35900,0,0,
114,GMF6584,FIESTA 1.6,FORD,2011,Gasolina,9BFZF55P5B8164718,BRANCA,"1,6",4,COMPRA,Ótimo,Ativa,Gasolina,284204838,PAS/AUTOMOVEL,,,,,80000,16/02/2011,,117315,35900,0,0,
115,GMF6598,REBOQUE,REBOQUE,2011,Outros,9A9AG2CACBFDC8050,VERMELHA,,,COMPRA,Ótimo,Ativa,Outros,291797210,CAR/REBOQUE/C.ABERTA,,,,,0,25/02/2011,,144,6099,0,0,
116,GMF6599,REBOQUE,REBOQUE,2011,Outros,9A9AP1FAZBFDC8794,VERMELHA,,,COMPRA,Ótimo,Ativa,Outros,286111829,CAR/REBOQUE/C.ABERTA,,,,,0,25/02/2011,,143,4185,0,0,
117,GMF6642,VAN DUCATO MINIBUS,FIAT,2011,Diesel,93W245L34B2070926,BRANCA,127 CV,4,COMPRA,Ótimo,Ativa,Diesel,310018960,PAS/MICROONIBUS,,,,,179245,31/03/2011,,12629,103000,0,0,
118,GMF6744,ONIBUS OH 1628L ROD.LINCE,MERCEDES BENZ,2010,Diesel,9BM634011BB750235,BRANCA,360 CV,6,COMPRA,Ótimo,Ativa,Diesel,334098041,PAS/ONIBUS,,,,,129434,07/01/2011,,347,478000,0,0,
119,GMF6754,AMBULANCIA DAYLE 45S14,IVECO,2011,Diesel,93ZK42A01B8425889,BRANCA,136 CV,4,COMPRA,Ótimo,Ativa,Diesel,336871970,CAR/CAMION./FURGAO,,,,,48596,18/07/2011,,85463,129000,0,0,
120,GMF6842,KOMBI - STANDARD,VOLKSWAGEN,2011,Flex,9BWMF07X3CP017766,BRANCA,80 CV,4,COMPRA,Ótimo,Ativa,Flex,421108843,MIS/CAMION./C.FECHADA,BTJ 781662,,,,121619,16/01/2012,,91889,49000,0,0,
121,GMF6843,KOMBI - STANDARD,VOLKSWAGEN,2011,Flex,9BWMF07X2CP017984,BRANCA,80 CV,4,COMPRA,Ótimo,Ativa,Flex,421105631,MIS/CAMION./C.FECHADA,BTJ781901,,,,152092,16/01/2012,,91888,49000,0,0,
122,GMF6844,KOMBI - STANDARD,VOLKSWAGEN,2011,Flex,9BWMF07X5CP017753,BRANCA,80 CV,4,COMPRA,Ótimo,Ativa,Flex,421100923,MIS/CAMION./C.FECHADA,BTJ781303,,,,33968,16/01/2012,,91890,49000,0,0,
123,GMF6845,KOMBI - STANDARD,VOLKSWAGEN,2011,Flex,9BWMF07X8CP017911,BRANCA,80 CV,4,COMPRA,Ótimo,Ativa,Flex,421092726,MIS/CAMION./C.FECHADA,BTJ781949,,,,71546,16/01/2012,,91891,49000,0,0,
124,GMF6846,KOMBI - STANDARD,VOLKSWAGEN,2011,Flex,9BWMF07X8CP018010,BRANCA,80 CV,4,COMPRA,Ótimo,Ativa,Flex,421085355,MIS/CAMION./C.FECHADA,BTJ781727,,,,99556,16/01/2012,,91892,49000,0,0,
125,GMF6847,SPACEFOX TREND GII,VOLKSWAGEN,2011,Flex,9BWPB05Z0C4051341,BRANCA,104 CV,4,COMPRA,Ótimo,Ativa,Flex,421078049,PAS/AUTOMOVEL,CCR520650,,,,121095,16/01/2012,,481448,"46252,57",0,0,
126,GMF6848,SPACEFOX TREND GII,VOLKSWAGEN,2011,Flex,9BWPB05ZXC4027175,BRANCA,104 CV,4,COMPRA,Ótimo,Ativa,Flex,421023970,PAS/AUTOMOVEL,CCR L63875,,,,129025,16/01/2012,,481447,"46252,57",0,0,
127,GMF6849,SPACECROSS GII,VOLKSWAGEN,2011,Flex,8AWPB45Z2CA519386,BRANCA,104 CV,4,COMPRA,Ótimo,Ativa,Flex,421098686,PAS/AUTOMOVEL,CCR 270834,,,,90057,16/01/2012,,180311,54900,0,0,
128,GMF6891,"SAVEIRO 1,6 CE",VOLKSWAGEN,2012,Flex,9BWLB05U0CP177944,BRANCA,104 CV,4,COMPRA,Ótimo,Ativa,Flex,451524217,CAR/CAMION./C.ABERTA,CCRM61571,,,,176118,02/03/2012,,128878,"36771,68",0,0,
129,GMF6928,MARCOPOLO VOLARE W9,MARCOPOLO,2012,Diesel,93PB40N31CC041091,BRANCA,165CV,4,COMPRA,Ótimo,Ativa,Diesel,458993670,PAS/ONIBUS,UIA-000066,,,,113473,04/03/2012,,24020,190000,0,0,
130,GMF6929,SPACEFOX TREND GII,VOLKSWAGEN,2012,Flex,9BWPB45Z9C4126528,BRANCA,104 CV,4,COMPRA,Ótimo,Ativa,Flex,459605364,PAS/AUTOMOVEL,CCR M68733,,,,86345,04/03/2012,,522110,"46252,57",0,0,
131,GMF6932,SPACEFOX TREND GII,VOLKSWAGEN,2012,Flex,9BWPB45Z9C4147413,BRANCA,104CV,4,COMPRA,Ótimo,Ativa,Flex,460608290,PAS/AUTOMOVEL,CCR-M95445,,,,125373,04/12/2012,,534548,"46252,57",0,0,
132,GMF6933,DAILY NIKS MIC 20,IVECO,2011,Diesel,93ZK53B01C8436673,BRANCA,155 CV,4,COMPRA,Ótimo,Ativa,Diesel,460696246,PAS/MICROONIBUS,FICE0481N*713802*,,,,87680,04/12/2012,,460,144500,0,0,
133,GMF6934,DAILY NIKS MIC 20,IVECO,2011,Diesel,93ZK53B01C8436606,BRANCA,155 CV,4,COMPRA,Ótimo,Ativa,Diesel,460692313,PAS/MICROONIBUS,FICE0481N*7126791*,,,,116528,04/12/2012,,461,144500,0,0,
134,GMF6939,SPACEFOX TREND GII,VOLKSWAGEN,2012,Flex,9BWPB45Z2C4143185,BRANCA,104 CV,4,COMPRA,Ótimo,Ativa,Flex,462899632,PAS/AUTOMOVEL,CCR M92179,,,,157116,24/04/2012,,540925,"46252,57",0,0,
135,GMF6946,MARCOPOLO VOLARE W9,AGRALE,2012,Diesel,93PB40N31CC041321,BRANCA,165 CV,4,COMPRA,Ótimo,Ativa,Diesel,464541948,PAS/ONIBUS,UIA000267,,,,148400,05/08/2012,,25063,200000,0,0,
136,GMF6947,MARCOPOLO VOLARE W9,AGRALE,2012,Diesel,93PB40N31CC041322,BRANCA,165 CV,4,COMPRA,Ótimo,Ativa,Diesel,463729579,PAS/ONIBUS,UIA000287,,,,86102,05/08/2012,,25062,200000,0,0,
137,GMF6987,"SAVEIRO 1,6 CE",VOLKSWAGEN,2012,Flex,9BWLB05U4DP047960,BRANCA,,4,COMPRA,Ótimo,Ativa,Flex,470618744,CAR/CAMION./C.ABERTA,CCR N38020,,,,76298,20/06/2012,,248581,"36771,68",0,0,
138,GMF7096,SPACEFOX TREND GII,VOLKSWAGEN,2012,Gasolina,9BWPB45Z7D4076441,BRANCA,104 CV,4,COMPRA,Ótimo,Ativa,Gasolina,487214129,PAS/AUTOMOVEL,CCR N93517,,,,144320,20/09/2012,,643251,44049,0,0,
139,GMF7097,KOMBI STANDARD,VOLKSWAGEN,2012,Flex,9BWMF07X0DP008914,BRANCA,80 CV,4,COMPRA,Ótimo,Ativa,Flex,487201299,MIS/CAMION./C.FECHADA,BTJ 802961,,,,71451,20/09/2012,,349691,47483,0,0,
140,GMF7098,SPACEFOX TREND GII,VOLKSWAGEN,2012,Flex,9BWPB45Z7D4076603,BRANCA,104 CV,4,COMPRA,Ótimo,Ativa,Flex,487214331,PAS/AUTOMOVEL,CCR N93559,,,,103578,20/09/2012,,643252,44049,0,0,
141,GMF7099,SPACEFOX TREND GII,VOLKSWAGEN,2012,Flex,9BWPB45Z0D4076670,BRANCA,104-CV,4,COMPRA,Ótimo,Ativa,Flex,487202511,PAS/AUTOMOVEL,CCR-N93557,,,,33073,20/09/2012,,643249,44049,0,0,
142,GMF7100,SPACEFOX TREND GII,VOLKSWAGEN,2012,Flex,9BWPB45Z4D4077188,BRANCA,104 CV,4,COMPRA,Ótimo,Ativa,Flex,487204590,PAS/AUTOMOVEL,CCR N96111,,,,105000,20/09/2012,,643250,44049,0,0,
143,GMF7101,SPACEFOX TREND GII,VOLKSWAGEN,2012,Flex,9BWPB45Z9D4077512,BRANCA,104 CV,4,COMPRA,Ótimo,Ativa,Flex,487208048,PAS/AUTOMOVEL,CCR N96117,,,,188065,20/09/2012,,643253,44049,0,0,
144,GMF7102,SPACEFOX TREND GII,VOLKSWAGEN,2012,Gasolina,9BWPB45Z8D4076528,BRANCA,104 CV,4,COMPRA,Ótimo,Ativa,Gasolina,487224191,PAS/AUTOMOVEL,CCR N93566,,,,25768,20/09/2012,,643285,44049,0,0,
145,GMF7176,AMAROK CD 4X4 SE,VOLKSWAGEN,2012,Diesel,WV1DB42HXDA006321,BRANCA,180 CV,4,COMPRA,Ótimo,Ativa,Diesel,504171810,ESP/CAMIONETE/AB.CAB.DUPLA,CNE017264,,,,132588,01/07/2013,,155011,"103486,58",0,0,
146,GMF7177,AMAROK CD 4X4 SE,VOLKSWAGEN,2012,Diesel,WV1DB42H8DA005006,PRATA,180 CV,4,COMPRA,Ótimo,Ativa,Diesel,504171160,ESP/CAMIONETE/AB.CAB.DUPLA,CNE 017264,,,,154249,01/07/2013,,155011,"103486,58",0,0,
147,GMF7178,AMAROK CD 4X4 SE,VOLKSWAGEN,2012,Diesel,WV1DB42H2DA006734,BRANCA,180 CV,4,COMPRA,Ótimo,Ativa,Diesel,503819654,ESP/CAMIONETE/AB.CAB.DUPLA,CNE018275,,,,169492,01/07/2013,,155010,"103486,58",0,0,
148,GMF7179,AMAROK CD 4X4 SE,VOLKSWAGEN,2012,Diesel,WV1DB42H7DA006549,BRANCA,180 CV,4,COMPRA,Ótimo,Ativa,Diesel,504341839,ESP/CAMIONETE/AB.CAB.DUPLA,CNE018102,,,,125948,01/07/2013,,155009,"103486,58",0,0,
149,GMF7180,AMAROK CD 4X4 SE,VOLKSWAGEN,2012,Diesel,WV1DB42H9DA006701,BRANCA,180 CV,4,COMPRA,Ótimo,Ativa,Diesel,504341227,ESP/CAMIONETE/AB.CAB.DUPLA,CNE 018264,,,,172689,01/07/2013,,155007,"103486,58",0,0,
150,GMF7181,AMAROK CD 4X4 SE,VOLKSWAGEN,2012,Diesel,WV1DB42H9DA006505,BRANCA,180 CV,4,COMPRA,Ótimo,Ativa,Diesel,504218190,ESP/CAMIONETE/AB.CAB.DUPLA,CNE018275,,,,211460,01/07/2013,,155008,"103486,59",0,0,
151,GMF7185,VAN DAYLE GREENCAR,IVECO,2012,Diesel,93ZK53C01D8445457,BRANCA,170 CV,4,COMPRA,Ótimo,Ativa,Diesel,504504290,PAS/MICROONIBUS,,,,,82186,01/09/2013,,543,144500,0,0,
152,GMF7189,VAN DAYLE GREENCAR,IVECO,2012,Diesel,93ZK53C01D8445476,BRANCA,170 CV,4,COMPRA,Ótimo,Ativa,Diesel,505325390,PAS/MICROONIBUS,,,,,26758,14/01/2013,,546,144500,0,0,
153,GMF7226,SPACECROSS GII,VOLKSWAGEN,2012,Flex,8AWPB45Z8DA517255,BRANCA,104CV,4,COMPRA,Ótimo,Ativa,Flex,507985303,PAS/AUTOMOVEL,CCR283542,,,,99256,02/07/2013,,259986,"55879,76",0,0,
154,GMF7227,SPACEFOX TREND GII,VOLKSWAGEN,2013,Flex,9BWPB45Z4D4159339,BRANCA,104CV,4,COMPRA,Ótimo,Ativa,Flex,507982169,PAS/AUTOMOVEL,CCRP97065,,,,59235,02/07/2013,,718557,"46988,9",0,0,
155,GMF7228,KOMBI STANDARD,VOLKSWAGEN,2012,Flex,9BWMF07X6DP015298,BRANCA,80 CV,4,COMPRA,Ótimo,Ativa,Flex,508411475,MIS/CAMION./C.FECHADA,BTJ 809410,,,,50328,02/07/2013,,471922,46200,0,0,
156,GMF7229,KOMBI STANDARD,VOLKSWAGEN,2012,Gasolina,9BWMF07X0DP015359,BRANCA,80 CV,4,COMPRA,Ótimo,Ativa,Gasolina,508407931,MIS/CAMION./C.FECHADA,BTJ 809434,,,,77203,02/07/2013,,468819,46200,0,0,
157,GMF7230,KOMBI STANDARD,VOLKSWAGEN,2012,Flex,9BWMF07X7DP015360,BRANCA,80 CV,4,COMPRA,Ótimo,Ativa,Flex,508602700,MIS/CAMION./C.FECHADA,BTJ 809399,,,,185532,02/07/2013,,468820,46200,0,0,
158,GMF7232,SPACECROSS GII,VOLKSWAGEN,2012,Gasolina,8AWPB45Z0DA516293,BRANCA,104CV,4,COMPRA,Ótimo,Ativa,Gasolina,507980735,PAS/AUTOMOVEL,CCR283073,,,,218476,02/07/2013,,259985,"55879,76",0,0,
159,GMF7237,SPACEFOX TREND GII,VOLKSWAGEN,2013,Flex,9BWPB45Z7D4167872,BRANCA,104 CV,4,COMPRA,Ótimo,Ativa,Flex,509556213,PAS/AUTOMOVEL,CCR A99915,,,,175339,15/02/2013,,728154,"46988,9",0,0,
160,GMF7239,SPACEFOX TREND GII,VOLKSWAGEN,2013,Flex,9BWPB45Z3D4165410,BRANCA,104 CV,4,COMPRA,Ótimo,Ativa,Flex,509559387,PAS/AUTOMOVEL,CCR Q03708,,,,92396,15/02/2013,,728152,"46988,9",0,0,
161,GMF7240,SPACEFOX TREND GII,VOLKSWAGEN,2013,Flex,9BWPB45Z3D4165200,BRANCA,104 CV,4,COMPRA,Ótimo,Ativa,Flex,509550797,PAS/AUTOMOVEL,CCR P97100,,,,110114,15/02/2013,,728151,"46988,9",0,0,
162,GMF7241,SPACEFOX TREND GII,VOLKSWAGEN,2013,Gasolina,9BWPB45ZXD4165548,BRANCA,104 CV,4,COMPRA,Ótimo,Ativa,Gasolina,509553966,PAS/AUTOMOVEL,CCRQ03720,,,,97598,15/02/2013,,728150,"46988,9",0,0,
163,GMF7279,CAMINHAO 10000,AGRALE,2013,Diesel,9BYC79A2ADC000148,BRANCA,165CV,4,COMPRA,Ótimo,Ativa,Diesel,526878290,CAR/CAMINHAO/C.ABERTA,U1A002954,,,,72636,22/03/2013,,34799,147800,0,0,
164,GMF7280,CAMINHAO 10000,AGRALE,2013,Diesel,9BYC79A2ADC000147,BRANCA,165CV,4,COMPRA,Ótimo,Ativa,Diesel,526876085,CAR/CAMINHAO/C.ABERTA,U1A002872,,,,108785,22/03/2013,,34798,147800,0,0,
165,GMF7309,JUMPER M33M 23S,CITROEN,2013,Gasolina,935ZBWMMBD2111026,,127CV,,DOAÇÃO,Ótimo,Ativa,Gasolina,529887339,PAS/AUTOMOVEL,,,,,0,18/11/2021,,,76000,0,0,
166,GMF7576,SPACEFOX TREND GII,VOLKSWAGEN,2013,,9BWPB45Z2E4042067,BRANCA,104 CV,4,COMPRA,Ótimo,Ativa,,585718750,PAS/AUTOMOVEL,CCR B64563,,,,249111,22/10/2013,,830057,"46988,9",0,0,
167,GMF7682,AMAROK CD 4X4 SE,VOLKSWAGEN,2013,Diesel,WV1DD42H8EA013375,BRANCA,140 CV,4,COMPRA,Ótimo,Ativa,Diesel,996602283,ESP/CAMIONETE/AB.CAB.DUPLA,CNF 023556,,,,67627,18/03/2014,,333958,102000,0,0,
168,GMF7685,VAN SPRINTER 515CD,MERCEDES BENZ,2013,Diesel,8AC906657EE090205,BRANCA,146 CV,4,COMPRA,Ótimo,Ativa,Diesel,997149639,PAS/MICROONIBUS,,,,,114739,19/03/2014,,56819,165000,0,0,
169,GMF7723,FLUENCE,RENAULT,2014,Gasolina,8A1LZBW2TEL265424,PRETA,143CV,,DOAÇÃO TRT,Ótimo,Ativa,Gasolina,998886165,PAS/AUTOMOVEL,,,,,63855,11/10/2021,,,47000,0,0,
170,GMF7725,FLUENCE,RENAULT,2014,Gasolina,8A1LZBW2TEL265496,PRETA,143CV,,DOAÇÃO TRT,Ótimo,Ativa,Gasolina,998870587,PAS/AUTOMOVEL,,,,,65588,11/10/2021,,,47000,0,0,
171,GMF7749,FLUENCE,RENAULT,2014,Gasolina,1002926073,PRETA,143CV,,DOAÇÃO TRT,Ótimo,Ativa,Gasolina,1002926073,PAS/AUTOMOVEL,,,,,61830,11/10/2021,,,47000,0,0,
172,GMF7750,AMAROK CD 4X4 SE,VOLKSWAGEN,2013,Diesel,WV1DD42H9EA028791,BRANCA,140 CV,4,COMPRA,Ótimo,Ativa,Diesel,1003112800,ESP/CAMIONETE/AB.CAB.DUPLA,CNF 027563,,,,199674,05/08/2014,,340577,102000,0,0,
173,GMF7751,SPACECROSS GII,VOLKSWAGEN,2013,Flex,8AWPB45Z5EA508742,BRANCA,104 CV,4,COMPRA,Ótimo,Ativa,Flex,1003129711,PAS/AUTOMOVEL,CCR 293283,,,,144204,05/08/2014,,339757,57000,0,0,
174,GMF7776,SPACECROSS GII,VOLKSWAGEN,2013,Flex,8AWPB45Z5EA508689,BRANCA,104 CV,4,COMPRA,Ótimo,Ativa,Flex,1004173510,PAS/AUTOMOVEL,CCR 293150,,,,102845,13/05/2014,,0,57000,0,0,
175,GMF7777,MARCOPOLO VOLARE W9,MARCOPOLO,2014,Diesel,93PB40N31EC052334,BRANCA,165 CV,4,COMPRA,Ótimo,Ativa,Diesel,1005675535,PAS/ONIBUS,U1A005806,,,,110054,13/05/2014,,118219,231000,0,0,
176,GMF7778,MARCOPOLO VOLARE W9,MARCOPOLO,2014,Diesel,93PB40N31EC052335,BRANCA,165 CV,4,COMPRA,Ótimo,Ativa,Diesel,1005672986,PAS/ONIBUS,U1A005807,,,,115351,13/05/2014,,118220,231000,0,0,
177,GMF7791,CAMINHAO 10000,AGRALE,2014,Diesel,9BYC79A2AEC000340,BRANCA,165 CV,4,COMPRA,Ótimo,Ativa,Diesel,1007217488,CAR/CAMINHAO/C.ABERTA,U1A005900,,,,71420,26/05/2014,,51052,170000,0,0,
178,GMF7826,SPACEFOX TREND GII,VOLKSWAGEN,2014,Gasolina,9BWPB45ZXE4134754,BRANCA,104 CV,4,COMPRA,Ótimo,Ativa,Gasolina,1075124791,PAS/AUTOMOVEL,CCR S23172,,,,55218,29/07/2014,,908955,43600,0,0,
179,GMF7843,ONIBUS ROMA 310,AGRALE,2014,Diesel,9BYC69A1AEC000096,BRANCA,225 CV,6,COMPRA,Ótimo,Ativa,Diesel,1017383704,PAS/ONIBUS,Y1A020448,,,,90324,22/09/2014,,54815,356300,0,0,
180,GMF7844,AMBULANCIA MARIMAR 415,MERCEDES BENZ,2014,Diesel,8AC906633EE089014,BRANCA,146CV,4,COMPRA,Ótimo,Ativa,Diesel,1006885592,ESP/CAMION/AMBULANCIA,651955W0027056,,,,27796,22/09/2014,,59787,225000,0,0,
181,GMF7852,AMAROK CD 4X4 SE,VOLKSWAGEN,2014,Diesel,WV1DD42H4EA049502,BRANCA,140 CV,4,COMPRA,Ótimo,Ativa,Diesel,1020811436,ESP/CAMIONETE/AB.CAB.DUPLA,CNF036891,,,,76570,10/09/2014,,368428,102000,0,0,
182,GMF7897,AMAROK CD 4X4 SE,VOLKSWAGEN,2014,Diesel,WV1DD42H2EA050857,BRANCA,140 CV,4,COMPRA,Ótimo,Ativa,Diesel,1031663948,ESP/CAMIONETE/AB.CAB.DUPLA,CNF-037090,,,,99905,01/02/2015,,379089,102000,0,0,
183,GMF7898,SPACEFOX TREND GII,VOLKSWAGEN,2014,Flex,9BWPB45Z6E4164222,BRANCA,104 CV,4,COMPRA,Ótimo,Ativa,Flex,1031604321,PAS/AUTOMOVEL,CCR-S74176,,,,43017,01/02/2015,,950512,43600,0,0,
184,GMF7899,SPACEFOX TREND GII,VOLKSWAGEN,2014,Gasolina,9BWPB45Z6E4163216,BRANCA,104 CV,4,COMPRA,Ótimo,Ativa,Gasolina,1031601730,PAS/AUTOMOVEL,CCR-S71557,,,,189691,01/02/2015,,950513,43600,0,0,
185,GMF7900,SPACEFOX TREND GII,VOLKSWAGEN,2014,Flex,9BWPB45Z6E4164138,BRANCA,104 CV,4,COMPRA,Ótimo,Ativa,Flex,1031597198,PAS/AUTOMOVEL,CCR-S74156,,,,60688,01/02/2015,,950511,43600,0,0,
186,GMF7901,MARCOPOLO VOLARE W9,MARCOPOLO,2014,Diesel,93PB40N31EC052255,BRANCA,165 CV,6,COMPRA,Ótimo,Ativa,Diesel,1031664936,PAS/ONIBUS,U1A006009,,,,48655,01/02/2015,,130227,231000,0,0,
187,GMF7911,AMAROK CD 4X4 SE,VOLKSWAGEN,2014,Diesel,WV1DD42H2EA055248,BRANCA,140 CV,4,COMPRA,Ótimo,Ativa,Diesel,1033559285,ESP/CAMIONETE/AB.CAB.DUPLA,CNF 039262,,,,68116,01/05/2015,,379121,102000,0,0,
188,GMF7913,AMBULANCIA MARIMAR 415,MERCEDES BENZ,2014,Diesel,8AC906633EE093323,BRANCA,146 CV,4,COMPRA,Ótimo,Ativa,Diesel,1030667818,ESP/CAMION/AMBULANCIA,651955W0031477,,,,11919,01/12/2015,,64812,225000,0,0,
189,GMF7940,VAN SPRINTER 515CD,MERCEDES BENZ,2014,Diesel,8AC906657FE104190,BRANCA,146 CV,4,COMPRA,Ótimo,Ativa,Diesel,1037866506,PAS/MICROONIBUS,651.955W0042233,,,,95464,02/06/2015,,69646,165000,0,0,
190,GMF7C31,KOMBI STANDARD,VOLKSWAGEN,2012,Gasolina,9bwmf07x8dp015299,BRANCA,80 CV,4,COMPRA,Ótimo,Ativa,Gasolina,508603935,MIS/CAMION./C.FECHADA,BTJ809413,,,,111416,02/07/2013,,468821,0,0,0,GMF7231
191,GMF8048,VAN SPRINTER 415 CD,MERCEDES BENZ,2015,Diesel,8AC906633GE112812,BRANCA,146 CV,4,COMPRA,Ótimo,Ativa,Diesel,1071607143,PAS/MICROONIBUS,651955W0050790,,,,111616,12/10/2015,,232145,152800,0,0,
192,GMF8068,PICK-UP S10 LT DD4A,CHEVROLET,2016,Diesel,9BG148FK0GC423960,BRANCA,200 CV,4,COMPRA,Ótimo,Ativa,Diesel,1079794686,MIS/CAMION./CAB. DUPLA,,,,,150921,03/02/2016,,1023167,122900,0,0,
193,GMF8192,ONIBUS MASCA GRANMICRO,MERCEDES BENZ,2016,Diesel,9BM979277HB045550,BRANCA,156 CV,4,COMPRA,Ótimo,Ativa,Diesel,1103851052,PAS/ONIBUS,OM 924 LA 115KW(156PS),,,,60449,12/02/2016,,914167,214000,0,0,
194,GMF8291,REBOQUE,REBOQUE,2017,Gasolina,9A9T12LCTHCU1004,,,,COMPRA,Ótimo,Ativa,Gasolina,1131236898,CAR/REBOQUE/C.ABERTA,,,,,0,10/05/2017,,485,23313,0,0,
195,GMF8352,COMIL CAMPIONE R,VOLKSWAGEN,2017,Diesel,9532K82WXJR810571,BRANCA,256 CV,6,COMPRA,Ótimo,Ativa,Diesel,1142337704,PAS/ONIBUS,0244843A624842,,,,25797,05/09/2018,,2807,474000,0,0,
196,GMF8354,LOGAN EXP. 1.6 SCE,RENAULT,2018,Gasolina,93Y4SRFH4JJ287689,BRANCA,118 CV,4,COMPRA,Ótimo,Ativa,Gasolina,1149996410,PAS/AUTOMOVEL,H4ME734Q037126,,,,70088,21/05/2018,,3209,54240,0,0,
197,GMF8355,LOGAN EXP. 1.6 SCE,RENAULT,2018,Gasolina,93Y4SRFH4JJ287849,,118 CV,4,COMPRA,Ótimo,Ativa,Gasolina,1150543350,PAS/AUTOMOVEL,H4ME734Q037126,,,,78965,21/05/2018,,3208,54240,0,0,
198,GMF8484,CRONOS,FIAT,2018,Gasolina,8AP359A2SKU047654,BRANCA,,,,Ótimo,Ativa,Gasolina,1177987314,PAS/AUTOMOVEL,,,,,57363,15/01/2019,,0,61891,0,0,
199,GMF8485,CRONOS,FIAT,2018,Gasolina,8AP359A2SKU048951,BRANCA,,,,Ótimo,Ativa,Gasolina,1177877942,PAS/AUTOMOVEL,,,,,76646,15/01/2019,,0,61891,0,0,
200,GMF8532,CRONOS,FIAT,2018,Gasolina,8AP359A2SKU048960,BRANCA,,,,Ótimo,Ativa,Gasolina,1194788626,PAS/AUTOMOVEL,,,,,44394,06/06/2019,,1030842,61891,0,0,
201,GMF8533,CRONOS,FIAT,2018,Gasolina,8AP359A2SKU039067,,,,,Ótimo,Ativa,Gasolina,1194879354,PAS/AUTOMOVEL,,,,,22484,06/06/2019,,1030298,61891,0,0,
202,GMF8534,VAN DUCATO MINIBUS,FIAT,,Gasolina,3C6EFVEK7KE521150,,,,,Ótimo,Ativa,Gasolina,1190028651,PAS/MICROONIBUS,,,,,24147,29/04/2019,,1022638,152390,0,0,
203,GMF8536,PRISMA,CHEVROLET,2019,Gasolina,9BGKS69V0KG347561,BRANCA,"1,4",4,,Ótimo,Ativa,Gasolina,1197252000,PAS/AUTOMOVEL,,,,,12219,18/07/2019,,0,0,0,0,
204,GMF8601,PIC-UP MMC L200,MITSUBISHI,2019,Diesel,93XLJKL1TLCK25990,BRANCA,,,,Ótimo,Ativa,Diesel,1221440672,PICK-UP,,,,,0,01/08/2020,,32748,133250,0,0,
205,GMU7184,REBOQUE,REBOQUE,1992,Outros,9EZMG10PCN0002279,CINZA,,,DOACAO-CONT.-001/2008,Regular,Ativa,Outros,249583399,CAR/REBOQUE/C.ABERTA,,,,,0,10/06/2008,,0,"1824,5",0,0,
206,GSM6051,VAN SPRINTER,MERCEDES BENZ,1997,Diesel,8AC690341VA510348,BRANCA,95 CV,4,DOACAO,Anti-econômico,Ativa,Diesel,689932871,PAS/MICROONIBUS,,,,,266627,13/02/1998,,0,36458,0,0,
207,GSO8541,KOMBI - STANDARD,VOLKSWAGEN,1998,Gasolina,9BWZZZ237WP005728,BRANCA,61 CV,4,DOACAO,Anti-econômico,Ativa,Gasolina,694608963,MIS/CAMION./C.FECHADA,"1,6","1,6",,,146999,13/02/1998,,0,17830,0,0,
208,GSX3225,XLR 125,HONDA,1999,Gasolina,9C2JD1700XR020454,VERMELHA,12 CV,1,DOACAO,Regular,Ativa,Gasolina,729990923,PAS/MOTOCICLETA,,,,,65711,08/12/1999,,0,4729,0,0,
209,GSX3556,XLR 125,HONDA,1999,Gasolina,9C2JD1700XR019073,BRANCA,11 CV,1,DOACAO,Regular,Ativa,Gasolina,731093011,PAS/MOTOCICLETA,,,,,43286,08/11/1999,22/08/2008,0,4729,0,0,
210,GSZ4470,AMAROK CD 4X4 SE,VOLKSWAGEN,2011,Diesel,WV1DB42HXB8061419,BRANCA,163 CV,4,DOACAO CONTRATO 010502D,Ótimo,Ativa,Diesel,330651234,ESP/CAMIONETE/AB.CAB.DUPLA,,,,,111858,17/11/2017,,0,94751,0,0,
211,GUF4074,UNO MILLE FIRE,FIAT,2002,Gasolina,9BD15822524364963,CINZA,055 CV,4,DOACAO CONT. 08055-D,Bom,Ativa,Gasolina,778474305,PAS/AUTOMOVEL,,,,,109642,15/05/2012,,0,14950,0,0,
212,GVJ9346,ONIBUS K 112 33,SCANIA,1985,Diesel,9BSKC4X2Z03453855,BRANCA,,4,DOACAO PROC.10670.001330/2009-20,Bom,Ativa,Diesel,241575117,PAS/ONIBUS,,,,,375287,19/04/2011,,0,60000,0,0,
213,GVS3129,REBOQUE,REBOQUE,1996,Outros,9EZMG10PCT0005505,BRANCA,,,DOACAO CONT. 001/2008,Regular,Ativa,Outros,249824590,CAR/REBOQUE/C.ABERTA,,,,,0,10/06/2008,,0,"1824,5",0,0,
214,GXJ1013,KOMBI - STANDARD,VOLKSWAGEN,1998,Gasolina,9BWZZZ237WP015487,BRANCA,61 CV,4,COMPRA,Regular,Ativa,Gasolina,703036505,MIS/CAMION./C.FECHADA,"1,6","1,6",,,185648,08/05/1998,,0,17799,0,0,
215,GXM9257,SAVEIRO 1.6 CS,VOLKSWAGEN,2011,Flex,9BWKB05U2CP049295,PRATA,"1,6",4,DOACAO CONTRATO 009579-D,Ótimo,Ativa,Flex,335347339,CAR/CAMION./C.ABERTA,CCR L50508,,,,69774,14/09/2015,,0,34616,0,0,
216,GXM9295,SAVEIRO 1.6 CS,VOLKSWAGEN,2011,Flex,9BWKB05U0CP046184,PRATA,104 CV,4,DOACAO CONTRATO 009995-D,Ótimo,Ativa,Flex,335302327,CAR/CAMION./C.ABERTA,CCR497763,,,,40716,23/08/2016,,0,34616,0,0,
217,GXP5136,PICK-UP F75,FORD,1983,Alcool,LA3BBD73354,Branca,91 CV,4,COMPRA,Regular,Ativa,Alcool,239838718,CAR/CAMION./C.ABERTA,,,,,86985,29/03/1983,,0,2298960,0,0,
218,HAE4379,PIC-UP GM/S10 2.8 D,CHEVROLET,2002,Diesel,9BG138AC03C401046,BRANCA,132 CV,4,DOACAO - CONTRATO 03140-D,Bom,Ativa,Diesel,789879921,MIS/CAMION./CAB. DUPLA,"2,8","2,8",,,389986,10/11/2002,,0,"48601,27",0,0,
219,HCG1E96,PICK-UP COURIER 1.6 L,FORD,2004,Gasolina,9BFNSZPPA5B966045,PRATA,095 CV,4,DOACAO CONT. 08056-D,Bom,Ativa,Gasolina,837116341,CAR/CAMION./C.ABERTA,,,,,77507,15/05/2012,,0,0,0,0,HCG1496
220,HCG3114,VAN DUCATO MINIBUS,FIAT,2004,Diesel,93W231M2141019097,BRANCA,103 CV,,DOACAO-CONT. 001/2008,Anti-econômico,Ativa,Diesel,837445779,PAS/MICROONIBUS,,,,,193494,10/06/2008,16/02/2017,0,55141,0,0,
221,HCG9025,REBOQUE,REBOQUE,2004,Outros,9EZMG10PC40011548,VERDE,,,COMPRA,Bom,Ativa,Outros,249936259,CAR/REBOQUE/C.ABERTA,,,,,0,15/10/2004,,281,2229,0,0,
222,HDJ1158,PALIO WEEKEND HLX FLEX,FIAT,2005,Gasolina,9BD17306C64158757,BRANCA,110 CV,4,DOACAO NR. 05558-D,Ótimo,Ativa,Gasolina,865998965,PAS/AUTOMOVEL,"1,8",,,,296025,22/06/2007,,0,"45452,16",0,0,
223,HDK9167,KOMBI - STANDARD,VOLKSWAGEN,2005,Gasolina,9BWGB07X56P003008,BRANCA,062 CV,4,DOACAO-CONTRATO-05168-D,Ótimo,Ativa,Gasolina,870043331,MIS/CAMION./C.FECHADA,"1,6",,,,78174,01/10/2006,,0,37540,0,0,
224,HDM5836,UNO MILLE FIRE,FIAT,2004,Gasolina,9BD15822544590127,PRATA,055-CV-1.0,4,DOACAO CONTRATO 07886-D,Anti-econômico,Ativa,Gasolina,830911359,PAS/AUTOMOVEL,,,,,84548,22/12/2011,,0,"18693,8",0,0,
225,HEA2488,PARATI TRACKFIELD 1.6,VOLKSWAGEN,2006,,9BWDB05W06T152012,BRANCA,100CV,4,DOACAO-CONTRATO-05194D,Anti-econômico,Ativa,,883212838,PAS/AUTOMOVEL,"1,6","1,6",,,226460,16/05/2006,,0,"37651,46",0,0,
226,HEI4116,REBOQUE,REBOQUE,2006,Outros,9A9BC05116TDH8117,BRANCA,,,DOACAO CONTRATO 08607-D,Bom,Ativa,Outros,887558593,CAR/REBOQUE/C.ABERTA,,,,,0,15/05/2013,,0,2750,0,0,
227,HEJ4424,KOMBI FURGAO,VOLKSWAGEN,2006,Flex,9BWFF07XX6PO16384,BRANCA,85 CV,4,DOACAO - CONTRATO NUM.05300-D,Ótimo,Ativa,Flex,890703310,CAR/CAMION./FURGAO,1.4 FLEX,"1,4",,,44302,20/09/2006,,0,40397,0,0,
228,HEJ4883,REBOQUE,REBOQUE,2006,Outros,9A9BC26866MDH8100,CINZA,,,DOACAO CONTRATO 07887-D,Ótimo,Ativa,Outros,890838763,CAR/REBOQUE/C.ABERTA,,,,,0,18/05/2012,,0,5100,0,0,
229,HEJ9621,SCENIC EXP 1616V,RENAULT,2006,Flex,93YJA15256J755234,BRANCA,110CV,4,DOACAO CONTRATO Num. 05436-D,Ótimo,Ativa,Flex,892651725,PAS/AUTOMOVEL,1.6 - 16V,,,,121416,11/07/2006,,0,51111,0,0,
230,HFS8588,PICK-UP L200 OUTDOOR,MITSUBISHI,2007,Diesel,93XHNK7407C730041,BRANCA,121 CV,4,DOACAO,Ótimo,Ativa,Diesel,913122122,MIS/CAMION./CAB. DUPLA,4056-CG7104,,,,203133,12/05/2014,,0,47000,0,0,
231,HGO3595,PARATI TRACKFIELD 1.6,VOLKSWAGEN,2007,Flex,9BWDB05W78T039189,BRANCA,,,CONRATO DOACAO FUNDEP 05559-D,Ótimo,Ativa,Flex,926970763,PAS/AUTOMOVEL,"1,6",,,,296020,09/05/2007,,0,44000,0,0,
232,HGO3601,PARATI TRACKFIELD 1.6,VOLKSWAGEN,2007,Flex,9BWDB05W08T039079,BRANCA,,,DOACAO CONTRATO 05559-D,Ótimo,Ativa,Flex,926971484,PAS/AUTOMOVEL,"1,6",,,,334092,09/05/2007,,0,44000,0,0,
233,HIO8259,UNO MILLE FIRE,FIAT,2008,Gasolina,9BD15822786119895,PRATA,066 CV   1.0,4,DOACAO CONTRATO 08863-D,Bom,Ativa,Gasolina,964535149,PAS/AUTOMOVEL,,,,,64911,14/02/2014,,0,27750,0,0,
234,HIO8310,UNO MILLE FIRE,FIAT,2008,Flex,9BD15822786119795,PRATA,66CV,4,DOACAO CONTRATO 08671-D,Ótimo,Ativa,Flex,964556472,PAS/AUTOMOVEL,,,,,88380,14/08/2013,,0,"26055,3",0,0,
235,HIO8319,STRADA TREK FLEX,FIAT,2008,Flex,9BD27801D87070549,PRATA,114CV,4,DOACAO CONTRATO 08670-D,Ótimo,Ativa,Flex,964558092,PAS/AUTOMOVEL,,,,,71285,14/08/2013,,0,31818,0,0,
236,HJJ6963,MERIVA JOY,CHEVROLET,2008,Flex,9BGXL75G08C188437,BRANCA,,,DOACAO CONTRATO-06634-D,Ótimo,Ativa,Flex,979432529,PAS/AUTOMOVEL,,,,,184473,07/08/2009,,0,47900,0,0,
237,HJU0691,TRACKER 2.0,G. MOTORS,2008,Gasolina,8AG116DJ09R702379,PRATA,,,DOACAO CONTRATO-6563-D,Ótimo,Ativa,Gasolina,991445074,MIS/UTILITARIO/JIPE,,,,,175026,19/01/2009,,0,70000,0,0,
238,HKC6962,LINEA,FIAT,2009,Flex,9BD11055691505213,BRANCA,132 CV,4,DOACAO CONT.009173-D,Bom,Ativa,Flex,123169810,PAS/AUTOMOVEL,,,,,200274,23/09/2014,,0,66500,0,0,
239,HKC7044,REBOQUE,REBOQUE,2009,Outros,9A9CP30129CCE3001,CINZA,,,DOACAO  CONTRATO 07038-D,Ótimo,Ativa,Outros,123208025,CAR/REBOQUE/C.ABERTA,,,,,0,15/06/2010,,0,4600,0,0,
240,HKT2009,CAVALO MEC. AXOR 1933 S,MERCEDES BENZ,2008,Diesel,9BM9582078B605611,BRANCA,326 CV,6,DOACAO TERMO 6306-2011,Ótimo,Ativa,Diesel,119059002,CAR/CARRETA,,,,,51138,21/06/2012,,0,258783,0,0,
241,HKT4123,WEEKEND ADV. LOCKER,FIAT,2009,Outros,9BD17309TA4271287,BRANCA,114 CV,4,DOACAO CONTRATO-06770-D,Ótimo,Ativa,Outros,148366031,PAS/AUTOMOVEL,"1,8",,,,319834,26/08/2009,,0,59000,0,0,
242,HLF3224,KOMBI - STANDARD,VOLKSWAGEN,2010,Flex,9BWMF07X6BP003388,BRANCA,1.4 80 CV,4,COMPRA,Ótimo,Ativa,Flex,214994376,MIS/CAMION./C.FECHADA,,,,,99711,14/06/2010,,570783,44260,0,0,
243,HLP3585,WEEKEND ADV. LOCKER,FIAT,2009,Flex,9BD17309TA4288570,BRANCA,"1,8",4,DOACAO CONTRATO 06771-D,Ótimo,Ativa,Flex,158683803,PAS/AUTOMOVEL,X7*0500882*,,,,378718,22/10/2009,,552960,59000,0,0,
244,HLP4328,FRONTIER  SE 25 X2 09/09,NISSAN,2009,Diesel,94DVCGD409J276875,PRATA,144 CV,4,DOACAO CONTRATO 06772-D,Bom,Ativa,Diesel,158812581,MIS/CAMION./CAB. DUPLA,,,,,140120,19/11/2009,16/02/2017,0,101990,0,0,
245,HMB8801,UNO MILLE WAY ECON,FIAT,2009,,9BD15804AA6358121,BRANCA,066 CV,4,DOACAO CONTRATO 08186-D,Ótimo,Ativa,,168999587,PAS/AUTOMOVEL,,,,,75396,17/10/2012,,0,25900,0,0,
246,HMJ1867,UNO MILLE ECONOMY,FIAT,2009,Flex,9BD15822AA6396482,PRATA,66 CV,4,DOACAO CONTRATO 08670 D,Ótimo,Ativa,Flex,181079984,PAS/AUTOMOVEL,,,,,94943,14/08/2013,,0,26176,0,0,
247,HMR4787,STRADA FIRE FLEX,FIAT,2010,Gasolina,9BD27803MA7232425,PRATA,086 CV,4,DOACAO CONTRATO 009899-D,Ótimo,Ativa,Gasolina,195126181,PAS/AUTOMOVEL,310A2011*9345002*,,,,88024,05/03/2016,,0,31818,0,0,
248,HMR4789,STRADA FIRE FLEX,FIAT,2010,Flex,9BD27803MA7234148,PRATA,86 CV,4,DOACAO CONTRATO 08670 D,Ótimo,Ativa,Flex,195127595,PAS/AUTOMOVEL,310A2011*9352022*,,,,73376,14/08/2013,,0,31818,0,0,
249,HMR4791,STRADA FIRE FLEX,FIAT,2010,Flex,9BD27803MA7234146,PRATA,086 CV,4,DOACAO CONTRATO 08881-D,Ótimo,Ativa,Flex,195126750,PAS/AUTOMOVEL,310A2011*9352022*,,,,91150,15/04/2014,,0,31818,0,0,
250,HNX0284,CAMINHAO BAU 815 N,FORD,2011,Diesel,9BFVCE1N5CBB05347,BRANCA,150 CV,4,COMPRA,Ótimo,Ativa,Diesel,460202189,CAR/CAMINHAO/C.FECHADA,,,,,133746,15/05/2012,,7,145500,0,0,
251,JKH9243,L200 GL,MITSUBISHI,2006,Diesel,93XJNK3407C646213,BRANCA,100CV,4,DOAÇAO-TERMO Nr.2277/06,Ótimo,Ativa,Diesel,898686350,MIS/CAMINHONETE/CABINE DUPLA,"1,4",,,,278971,26/02/2007,,0,68580,0,0,JKH9243
252,JKH9283,L200 GL,MITSUBISHI,2006,Diesel,93XJNK3407C646226,BRANCA,100CV,4,DOACAO-TERMO Nr.2277/06,Ótimo,Ativa,Diesel,898681235,MIS/CAMINHONETE/CABINE DUPLA,"1,4",,,,247098,26/02/2007,,0,68580,0,0,JKH9283
253,JKH9303,L200 GL,MITSUBISHI,2006,Diesel,93XJNK3407C646223,BRANCA,100CV,4,DOACAO-TERMO Nr. 2277/06,Anti-econômico,Ativa,Diesel,898679532,MIS/CAMINHONETE/CABINE DUPLA,"1,4",,,,253314,26/02/2007,,0,68580,0,0,JKH9303
254,JKH9313,L200 GL,MITSUBISHI,2006,Diesel,93XJNK3407C646215,BRANCA,100CV,4,DOACAO TERMO Nr..2277/06,Ótimo,Ativa,Diesel,898674930,MIS/CAMINHONETE/CABINE DUPLA,"1,4",,,,245489,26/02/2007,,0,68580,0,0,JKH9313
255,JKH9333,L200 GL,MITSUBISHI,2006,Diesel,93XJNK3407C646211,BRANCA,100CV,4,DOACAO-TERMO2277/2006,Ótimo,Ativa,Diesel,898677017,MIS/CAMINHONETE/CABINE DUPLA,"1,4",,,,322830,26/02/2007,,0,68580,0,0,JKH9333
256,NXY0160,VAN TRANSIT 350 L CIRILO,FORD,2011,Diesel,WF0DXXTBFBTT25315,BRANCA,116 CV,4,DOACAO CONTRATO 010086-D,Bom,Ativa,Diesel,456208569,PAS/MICROONIBUS,XJFA8TT25315,,,,39902,21/02/2017,,0,95000,0,0,
257,NYA5536,CARRETA MUSEU ITINERANTE SRF2ECL,LINSHALM,2009,Outros,9A908RCS291CX2074,PRATA,,,DOACAO TERMO 6306-2011,Ótimo,Ativa,Outros,463161513,CAR/S.REBOQUE/C.FECHADA,,,,,0,25/06/2012,,0,180000,0,0,
258,NYB3752,TANQUE CARGO 1722 CN,FORD,2011,Diesel,9BFYEAXV8CBS98646,BRANCA,220 CV,4,COMPRA,Ótimo,Ativa,Diesel,464444306,CAR/CAMINHAO TANQUE,3637857,,,,5016,17/07/2012,,630,217900,0,0,
259,OLR4740,VOYAGE 1.6 COMFORTL,VOLKSWAGEN,2012,Gasolina,9BWDB45UXDT092792,BRANCA,"1,6",4,DOACAO CONTRATO 08298-D,Ótimo,Ativa,Gasolina,474140059,PAS/AUTOMOVEL,CCR N52357,,,,206738,17/12/2012,,0,43215,0,0,
260,OPF1840,CAMINHAO VERTIS 90V18,IVECO,2012,Diesel,93ZA90D00D8560030,BRANCA,177CV,4,COMPRA,Ótimo,Ativa,Diesel,507416848,CAR/CAMINHAO/C.ABERTA,F4AE3481E*6096919*,,,,37122,02/08/2013,,1587,145280,0,0,
261,OPF1841,CAMINHAO VERTIS 90V18,IVECO,2012,Diesel,93ZA90D00D8560154,BRANCA,177CV,4,COMPRA,Ótimo,Ativa,Diesel,507186460,CAR/CAMINHAO/C.ABERTA,F4AE3481E*610222*,,,,74806,02/08/2013,,1586,145280,0,0,
262,OPF6541,PICK-UP S10 2.2 S,CHEVROLET,2012,Gasolina,9BG148DH0DC442931,,,,,Ótimo,Ativa,Gasolina,507825977,CAR/CAMION./C.ABERTA,,,,,55852,15/01/2019,,0,"100023,18",0,0,
263,PAC6254,UNO VIVACE 1.0,FIAT,2014,Flex,9BD195152F0652925,BRANCA,1,4,DOACAO CONTRATO 018/2015,Ótimo,Ativa,Flex,1038011326,PAS/AUTOMOVEL,,,,,26516,16/11/2015,,0,"31992,91",0,0,
264,PAC6260,STRADA TREK FLEX,FIAT,2014,Flex,9BD578354F7920121,BRANCA,"1,6",4,DOACAO CONTRATO 018/2015,Ótimo,Ativa,Flex,1038075324,ESP/CAMIONETE/AB.CAB.DUPLA,,,,,26475,16/11/2015,,0,49634,0,0,
265,QOM8490,DOBLO EX,FIAT,2018,Gasolina,9BD11960DJ1145868,BRANCA,,,,Ótimo,Ativa,Gasolina,1154376033,MIS/CAMION./C.FECHADA,,,,,13493,15/01/2019,,0,"73981,6",0,0,
266,QOW0028,MARCOPOLO VOLARE W9,AGRALE,2018,,93PB88S31JC059510,VERDE,162CV,,,Ótimo,Ativa,,1160526572,PAS/ONIBUS,,,,,1232,25/10/2019,,0,400000,0,0,
267,RFA7D18,DRC 4X2,VOLKSWAGEN,2020,Diesel,9535h5TB0MR104638,BRANCA,,,,Ótimo,Ativa,Diesel,1228041730,CAMINHAO,,,,,6787,17/04/2020,,4871,215000,0,0,
,,,,,,,,,,,,,,,,,,,,,,,,,,,
,,,,,,,,,,,,,,,,,,,,,,,,,,,
,,,,,,,,,,,,,,,,,,,,,,,,,,,
,TOTAL 267,,,,,,,,,,,,,,,,,,,,,,,,,,
,RELATÓRIO DE VEÍCULOS DA FROTA,,,,,,,,,,,,,,,,,,,,,,,,,,
,Da depart. :   até :,,,,,,,,,,,,,,,,,,,,,,,,,,
